TIMESTAMP,N08Ad_L1p,N08Ad_L3c,N08Ad_L4p,N08Ad_S1c,N08Bd_L2c,N08Bd_S2c,N08Bd_S3p,N08Bd_S4p,N08Ad_S6c,N08Ad_L5p,N08Bd_S2p
2017-03-01 00:00:00,10293.25,2700,NA,5702.25,2891,4173.5,16529.25,14368,NA,2519.66666666667,NA
2017-03-01 01:00:00,NA,NA,NA,NA,NA,NA,NA,NA,NA,NA,NA
2017-03-01 02:00:00,NA,NA,NA,NA,NA,NA,NA,NA,NA,NA,NA
2017-03-01 03:00:00,NA,NA,NA,NA,NA,NA,NA,NA,NA,NA,NA
2017-03-01 04:00:00,10295.25,2700,NA,5705,2891,4181.25,16554.25,14374,NA,2519.66666666667,NA
2017-03-01 05:00:00,10296.75,2700.25,NA,5705,2891,4183.25,16558.75,14372,NA,2519.66666666667,NA
2017-03-01 06:00:00,10297,2701,NA,5705,2891,4184,16562.25,14372.75,NA,2518.91666666667,NA
2017-03-01 07:00:00,10297.5,2701,NA,5705,2891,4184,16565,14372.5,NA,2519.41666666667,NA
2017-03-01 08:00:00,10298,2701,NA,5705,2891,4184,16566.75,14373,NA,2519.41666666667,NA
2017-03-01 09:00:00,10297.25,2700.5,NA,5705,2891,4184,16568,14374,NA,2519.66666666667,NA
2017-03-01 10:00:00,10298.75,2700,NA,5705,2891.5,4184,16569,14376.5,NA,2519.66666666667,NA
2017-03-01 11:00:00,10300,2701,NA,5705,2892,4184,16568.75,14380,NA,2519.41666666667,NA
2017-03-01 12:00:00,10301.5,2701,NA,5705,2892,4184,16566,14386.5,NA,2517.66666666667,NA
2017-03-01 13:00:00,10303.25,2701,NA,5705,2892,4184,16560,14386,NA,2518.91666666667,NA
2017-03-01 14:00:00,10304.5,2701,NA,5705,2892,4184,16552.5,14386,NA,2519.41666666667,NA
2017-03-01 15:00:00,10306.5,2701,NA,5705,2892,4184,16544.25,14386,NA,2520.16666666667,NA
2017-03-01 16:00:00,10307.75,2701,NA,5705,2892,4184,16536.25,14386,NA,2520.16666666667,NA
2017-03-01 17:00:00,10304.5,2701,NA,5705,2892,4184,16529.25,14384.25,NA,2517.91666666667,NA
2017-03-01 18:00:00,10299.75,2701,NA,5705,2892,4184,16526.5,14383,NA,2518.91666666667,NA
2017-03-01 19:00:00,10297,2701,NA,5705,2891,4184,16527,14382.5,NA,2519.66666666667,NA
2017-03-01 20:00:00,10296,2701,NA,5705,2891,4184,16526.25,14380.25,NA,2519.66666666667,NA
2017-03-01 21:00:00,10294.5,2701,NA,5705,2891,4184,16525,14381,NA,2518.91666666667,NA
2017-03-01 22:00:00,10293,2701,NA,5705,2891,4184,16524.5,14381,NA,2518.66666666667,NA
2017-03-01 23:00:00,10291.5,2701.25,NA,5705,2891,4184,16525,14381,NA,2518.16666666667,NA
2017-03-02 00:00:00,10290.5,2702.75,NA,5705,2891,4184,16530.75,14381,NA,2518.16666666667,NA
2017-03-02 01:00:00,10291,2703.75,NA,5711.75,2891,4184,16554.25,14381,NA,2518.41666666667,NA
2017-03-02 02:00:00,10291,2703.75,NA,5715,2891,4184,16564.25,14383.5,NA,2517.91666666667,NA
2017-03-02 03:00:00,10292.25,2704,NA,5715,2891,4184,16572.5,14383.25,NA,2517.91666666667,NA
2017-03-02 04:00:00,10292.5,2705,NA,5715,2891,4185.75,16578.75,14384,NA,2518.41666666667,NA
2017-03-02 05:00:00,10293.25,2705.5,NA,5715,2891,4188.25,16583,14384,NA,2517.66666666667,NA
2017-03-02 06:00:00,10293.75,2706,NA,5715,2891,4190,16587,14384,NA,2518.16666666667,NA
2017-03-02 07:00:00,10294.25,2706.25,NA,5715,2891,4193,16592,14384,NA,2518.16666666667,NA
2017-03-02 08:00:00,10294.5,2707,NA,5716,2891,4196.25,16596,14384,NA,2518.91666666667,NA
2017-03-02 09:00:00,10294.5,2707,NA,5716,2891.5,4199.5,16600.25,14384.5,NA,2519.66666666667,NA
2017-03-02 10:00:00,10294.75,2707.75,NA,5724.25,2892,4203.5,16605.25,14386.75,NA,2519.66666666667,NA
2017-03-02 11:00:00,10295,2708,NA,5728,2892,4206.5,16609.75,14388.75,NA,2519.66666666667,NA
2017-03-02 12:00:00,10296.5,2708.25,NA,5728,2892,4209.5,16614.25,14393.75,NA,2519.66666666667,NA
2017-03-02 13:00:00,10293.75,2709,NA,5728,2892,4214,16618.5,14403,NA,2518.91666666667,NA
2017-03-02 14:00:00,10293,2709,NA,5736.5,2892,4219,16626.5,14414.75,NA,2519.91666666667,NA
2017-03-02 15:00:00,10293,2709.25,NA,5738,2892,4222.75,16628,14418.75,NA,2518.66666666667,NA
2017-03-02 16:00:00,10292.75,2710,NA,5738,2892,4224,16628,14418.75,NA,2518.66666666667,NA
2017-03-02 17:00:00,10291.5,2710,NA,5738,2892,4224,16627.75,14419,NA,2518.66666666667,NA
2017-03-02 18:00:00,10289,2710,NA,5738,2892,4224,16626,14419,NA,2519.91666666667,NA
2017-03-02 19:00:00,10289.5,2710,NA,5738,2892,4224,16626,14419,NA,2520.66666666667,NA
2017-03-02 20:00:00,10291.5,2710,NA,5738,2892,4224,16626,14419,NA,2520.66666666667,NA
2017-03-02 21:00:00,10292.25,2710.75,NA,5738,2892,4224,16626.5,14420,NA,2521.41666666667,NA
2017-03-02 22:00:00,10294,2711,NA,5738,2892,4224,16627,14420,NA,2522.16666666667,NA
2017-03-02 23:00:00,10294.75,2711,NA,5738,2892,4224,16627.5,14420,NA,2522.66666666667,NA
2017-03-03 00:00:00,10294.5,2711,NA,5738,2892,4224,16630,14420,NA,2522.66666666667,NA
2017-03-03 01:00:00,10296,2711,NA,5738,2892,4224,16633.75,14420,NA,2522.66666666667,NA
2017-03-03 02:00:00,10296.5,2711,NA,5738,2892,4224,16636.5,14422.75,NA,2522.66666666667,NA
2017-03-03 03:00:00,10298,2711,NA,5738,2892,4224,16639,14424,NA,2522.66666666667,NA
2017-03-03 04:00:00,10298.75,2711,NA,5738,2892,4224,16640.5,14425.25,NA,2521.41666666667,NA
2017-03-03 05:00:00,10298.5,2711,NA,5738,2892,4224,16643,14427,NA,2520.41666666667,NA
2017-03-03 06:00:00,10299.25,2711,NA,5738,2892,4224,16644,14427,NA,2520.41666666667,NA
2017-03-03 07:00:00,10300.75,2711,NA,5738,2892,4224,16646,14427,NA,2520.16666666667,NA
2017-03-03 08:00:00,10301,2711,NA,5738,2892,4224,16646.25,14429.25,NA,2519.66666666667,NA
2017-03-03 09:00:00,10301.75,2711,NA,5738,2892,4224,16648.75,14430,NA,2519.91666666667,NA
2017-03-03 10:00:00,10303.25,2711,NA,5738,2892,4224,16649,14431.25,NA,2521.91666666667,NA
2017-03-03 11:00:00,10305,2712,NA,5738,2892,4224,16648.25,14432,NA,2522.16666666667,NA
2017-03-03 12:00:00,10312.5,2712,NA,5738,2892,4224,16640.75,14434.5,NA,2522.16666666667,NA
2017-03-03 13:00:00,10320.5,2712.5,NA,5738,2892.75,4224,16616.75,14433.25,NA,2523.41666666667,NA
2017-03-03 14:00:00,10326.5,2713,NA,5749.75,2893,4223.75,16584.75,14430,NA,2522.66666666667,NA
2017-03-03 15:00:00,10332.5,2713,NA,5751,2893,4222.75,16557.75,14429,NA,2522.66666666667,NA
2017-03-03 16:00:00,10339,2713,NA,5751,2893,4221.25,16533.5,14425.75,NA,2522.66666666667,NA
2017-03-03 17:00:00,10349,2713,NA,5751,2893,4220.75,16518.75,14424.25,NA,2522.66666666667,NA
2017-03-03 18:00:00,10362,2713,NA,5751,2893,4219.5,16510.25,14424.25,NA,2524.41666666667,NA
2017-03-03 19:00:00,10363.25,2713,NA,5751,2893,4219,16503.5,14422,NA,2524.66666666667,NA
2017-03-03 20:00:00,10364,2713,NA,5751,2893,4219,16498,14422,NA,2524.66666666667,NA
2017-03-03 21:00:00,10365.5,2713,NA,5751,2893,4219,16492.75,14422,NA,2524.66666666667,NA
2017-03-03 22:00:00,10366,2713,NA,5751,2893,4219,16490,14422,NA,2524.66666666667,NA
2017-03-03 23:00:00,10366,2713,NA,5751,2893,4219,16487.5,14422,NA,2524.66666666667,NA
2017-03-04 00:00:00,10366,2713,NA,5750.5,2893,4219,16484.25,14422,NA,2524.66666666667,NA
2017-03-04 01:00:00,10366,2713,NA,5750,2893,4219,16481.25,14422,NA,2524.66666666667,NA
2017-03-04 02:00:00,10366,2713,NA,5750,2893,4219,16478.75,14422,NA,2524.66666666667,NA
2017-03-04 03:00:00,10366,2712,NA,5750,2893,4219,16478,14422,NA,2524.66666666667,NA
2017-03-04 04:00:00,10366,2712,NA,5750,2893,4219,16475.5,14422,NA,2524.66666666667,NA
2017-03-04 05:00:00,10366,2712,NA,5750,2894,4217,16472,14425,NA,2524.66666666667,NA
2017-03-04 06:00:00,10365.25,2711.25,NA,5750,2894,4217,16472,14425,NA,2524.66666666667,NA
2017-03-04 07:00:00,10365,2711,NA,5750,2894,4217,16471.75,14425,NA,2524.66666666667,NA
2017-03-04 08:00:00,10365,2711,NA,5750,2894,4217,16469.75,14425,NA,2524.66666666667,NA
2017-03-04 09:00:00,10365,2711,NA,5750,2894,4215,16461.5,14424.75,NA,2524.41666666667,NA
2017-03-04 10:00:00,10363.75,2711,NA,5750,2894,4208.25,16450.75,14423,NA,2523.91666666667,NA
2017-03-04 11:00:00,10352.75,2710,NA,5750,2894,4203.5,16443.25,14411.75,NA,2524.66666666667,NA
2017-03-04 12:00:00,10347,2710,NA,5750.5,2894,4203,16461.75,14402,NA,2526.16666666667,NA
2017-03-04 13:00:00,10344.25,2710.75,NA,5751,2894,4206,16530.25,14396,NA,2526.66666666667,NA
2017-03-04 14:00:00,10336.5,2711,NA,5751,2894,4212.25,16548.75,14393.75,NA,2526.66666666667,NA
2017-03-04 15:00:00,10330.75,2711.75,NA,5752.75,2894,4218.5,16562.75,14394.75,NA,2526.66666666667,NA
2017-03-04 16:00:00,10324.75,2712,NA,5755,2894,4223,16576.75,14392.25,NA,2526.66666666667,NA
2017-03-04 17:00:00,10321,2712,NA,5756,2894,4225.75,16584.5,14394.75,NA,2526.41666666667,NA
2017-03-04 18:00:00,10317.75,2712,NA,5757.5,2894,4226.5,16590,14395.75,NA,2524.91666666667,NA
2017-03-04 19:00:00,10313,2712,NA,5769,2894.5,4232.25,16600.25,14402.75,NA,2523.66666666667,NA
2017-03-04 20:00:00,10308,2712.75,NA,5771,2895,4233,16603.25,14404,NA,2524.41666666667,NA
2017-03-04 21:00:00,10306.5,2713,NA,5771,2895,4233,16608,14407.75,NA,2524.66666666667,NA
2017-03-04 22:00:00,10307.25,2713,NA,5771,2895,4233,16614.5,14409.75,NA,2525.41666666667,NA
2017-03-04 23:00:00,10307.5,2713,NA,5771,2895,4234,16619.25,14412,NA,2525.66666666667,NA
2017-03-05 00:00:00,10306.75,2713,NA,5771,2895,4234.75,16623.75,14414,NA,2525.66666666667,NA
2017-03-05 01:00:00,10306,2713,NA,5771,2895,4235,16627,14416.75,NA,2525.66666666667,NA
2017-03-05 02:00:00,10305.75,2713,NA,5771,2895,4235.5,16631.25,14419.25,NA,2525.66666666667,NA
2017-03-05 03:00:00,10306,2713,NA,5771,2895,4237,16635.75,14423.25,NA,2525.66666666667,NA
2017-03-05 04:00:00,10306.75,2713,NA,5771.25,2895,4237,16638.75,14426.5,NA,2525.66666666667,NA
2017-03-05 05:00:00,10308.5,2713,NA,5771,2895,4237,16641.25,14429.75,NA,2525.66666666667,NA
2017-03-05 06:00:00,10309.25,2713,NA,5771,2895,4237,16643.25,14431.25,NA,2525.66666666667,NA
2017-03-05 07:00:00,10311,2713,NA,5771,2895,4237,16646,14434,NA,2524.16666666667,NA
2017-03-05 08:00:00,10310.75,2713,NA,5771,2895,4237,16648.25,14438.25,NA,2523.41666666667,NA
2017-03-05 09:00:00,10310,2713,NA,5771,2895,4237,16650.75,14443,NA,2523.91666666667,NA
2017-03-05 10:00:00,10310,2713.75,NA,5771,2895,4237,16652,14445.25,NA,2525.41666666667,NA
2017-03-05 11:00:00,10310.75,2714,NA,5771.75,2895,4237,16654,14448,NA,2525.66666666667,NA
2017-03-05 12:00:00,10311,2714,NA,5772,2895,4237,16654.5,14447.25,NA,2525.66666666667,NA
2017-03-05 13:00:00,10311.25,2714.25,NA,5772,2895,4237,16651.25,14447,NA,2526.91666666667,NA
2017-03-05 14:00:00,10311.75,2715,NA,5772,2895,4237,16642.5,14446.75,NA,2527.91666666667,NA
2017-03-05 15:00:00,10315.5,2715,NA,5772,2895,4237,16626.25,14446,NA,2528.66666666667,NA
2017-03-05 16:00:00,10322,2715,NA,5772,2895,4237,16618.5,14445.25,NA,2528.91666666667,NA
2017-03-05 17:00:00,10315.75,2715,NA,5772,2895,4237,16617,14444,NA,2530.41666666667,NA
2017-03-05 18:00:00,10311.25,2715,NA,5772,2895,4237,16621.25,14444.75,NA,2529.66666666667,NA
2017-03-05 19:00:00,10310.25,2715,NA,5772,2895,4237,16628.75,14445,NA,2529.66666666667,NA
2017-03-05 20:00:00,10310.5,2715,NA,5772,2895,4237,16635.25,14445,NA,2529.66666666667,NA
2017-03-05 21:00:00,10309.25,2715,NA,5772,2895,4237,16641.25,14446.75,NA,2529.66666666667,NA
2017-03-05 22:00:00,10310.75,2715,NA,5772,2895,4237.25,16646.25,14449.75,NA,2529.66666666667,NA
2017-03-05 23:00:00,10309.75,2715,NA,5785,2895.75,4242.75,16650.75,14453,NA,2529.66666666667,NA
2017-03-06 00:00:00,10308.75,2715,NA,5788,2897,4246.75,16656.5,14457.5,NA,2529.66666666667,NA
2017-03-06 01:00:00,10309.5,2715,NA,5788,2897,4249.25,16660.75,14462,NA,2529.66666666667,NA
2017-03-06 02:00:00,10309.5,2715.5,NA,5788,2897.5,4254.75,16665.5,14465.75,NA,2529.66666666667,NA
2017-03-06 03:00:00,10309.5,2716,NA,5788,2898.5,4259,16667.5,14468.75,NA,2529.66666666667,NA
2017-03-06 04:00:00,10310,2716,NA,5788,2899,4261.25,16669.75,14471,NA,2529.66666666667,NA
2017-03-06 05:00:00,10309.25,2716,NA,5788,2899.25,4262.75,16670.5,14474.25,NA,2528.91666666667,NA
2017-03-06 06:00:00,10309.5,2716,NA,5788,2900,4263.5,16673.5,14478.5,NA,2528.16666666667,NA
2017-03-06 07:00:00,10311.75,2716,NA,5788,2900,4263,16676,14480.25,NA,2528.41666666667,NA
2017-03-06 08:00:00,10312.75,2716,NA,5788,2900,4263,16676.75,14481,NA,2528.66666666667,NA
2017-03-06 09:00:00,10313,2716,NA,5788,2900,4263,16676.75,14481.5,NA,2528.91666666667,NA
2017-03-06 10:00:00,10313.25,2716,NA,5788,2900,4263,16677,14484,NA,2528.91666666667,NA
2017-03-06 11:00:00,10312.25,2716,NA,5788,2900,4263,16679,14484,NA,2529.41666666667,NA
2017-03-06 12:00:00,10312.75,2716,NA,5788,2900,4263,16680.5,14485.75,NA,2529.16666666667,NA
2017-03-06 13:00:00,10312.25,2716,NA,5788,2900,4263,16684,14487,NA,2529.41666666667,NA
2017-03-06 14:00:00,10311.5,2716,NA,5788,2900,4263,16687.75,14488.5,NA,2529.41666666667,NA
2017-03-06 15:00:00,10313.75,2716,NA,5788,2900,4263.75,16692.25,14490.5,NA,2529.66666666667,NA
2017-03-06 16:00:00,10313.25,2716,NA,5788,2900,4264,16693,14488.25,NA,2529.66666666667,NA
2017-03-06 17:00:00,10312.5,2716,NA,5788,2900,4264,16693,14488,NA,2529.66666666667,NA
2017-03-06 18:00:00,10312,2716,NA,5788,2900,4264.5,16695.25,14488,NA,2529.66666666667,NA
2017-03-06 19:00:00,10312.25,2716,NA,5788,2900,4266.5,16700,14493.25,NA,2529.66666666667,NA
2017-03-06 20:00:00,10311.25,2716,NA,5788,2900,4272.75,16705,14497.5,NA,2529.66666666667,NA
2017-03-06 21:00:00,10310.75,2717,NA,5788.5,2900,4277.75,16707.75,14502.5,NA,2529.66666666667,NA
2017-03-06 22:00:00,10311.5,2717,NA,5797,2900.75,4294.5,16712.25,14509.5,NA,2529.66666666667,NA
2017-03-06 23:00:00,10311.5,2717,NA,5798,2901.75,4296.5,16715,14515,NA,2529.66666666667,NA
2017-03-07 00:00:00,10311.5,2717,NA,5798,2902,4297,16715.25,14516,NA,2529.66666666667,NA
2017-03-07 01:00:00,10313,2717,NA,5798,2902,4297,16718,14517.5,NA,2529.66666666667,NA
2017-03-07 02:00:00,10313,2717,NA,5798,2902,4297.75,16719,14519.75,NA,2529.66666666667,NA
2017-03-07 03:00:00,10312.75,2717,NA,5798,2902,4300,16721,14522,NA,2529.66666666667,NA
2017-03-07 04:00:00,10313.5,2717,NA,5798,2902,4300,16723.25,14522.75,NA,2529.66666666667,NA
2017-03-07 05:00:00,10313.5,2717,NA,5798,2902,4300,16726,14524.75,NA,2529.66666666667,NA
2017-03-07 06:00:00,10315,2717,NA,5798,2902,4300,16727,14527.75,NA,2529.66666666667,NA
2017-03-07 07:00:00,10314.5,2717,NA,5798,2902,4300,16727.25,14528,NA,2529.66666666667,NA
2017-03-07 08:00:00,10314.75,2717.5,NA,5798,2902,4301,16730,14531.75,NA,2529.66666666667,NA
2017-03-07 09:00:00,10315.75,2718,NA,5798,2903,4301,16732.5,14535.25,NA,2529.66666666667,NA
2017-03-07 10:00:00,10317,2718,NA,5798,2903,4302,16736.75,14539.75,NA,2529.66666666667,NA
2017-03-07 11:00:00,10317.25,2718,NA,5798,2903,4302,16737,14540.25,NA,2529.66666666667,NA
2017-03-07 12:00:00,10318.25,2718,NA,5798,2903,4302.5,16738,14542.25,NA,2531.66666666667,NA
2017-03-07 13:00:00,10319,2718,NA,5798,2903,4303,16741.5,14543,NA,2531.91666666667,NA
2017-03-07 14:00:00,10320.75,2718,NA,5798,2903,4304.5,16741.5,14544,NA,2530.66666666667,NA
2017-03-07 15:00:00,10322.5,2718,NA,5798,2904,4305.25,16739.5,14546.25,NA,2532.91666666667,NA
2017-03-07 16:00:00,10324.75,2718,NA,5798,2904,4305.25,16736.25,14545.75,NA,2532.66666666667,NA
2017-03-07 17:00:00,10326.5,2718,NA,5798,2904,4305,16736,14545.5,NA,2532.91666666667,NA
2017-03-07 18:00:00,10328.25,2718,NA,5798,2904,4305,16733.25,14543,NA,2533.16666666667,NA
2017-03-07 19:00:00,10329.5,2718.5,NA,5798,2903,4305,16733,14543,NA,2533.16666666667,NA
2017-03-07 20:00:00,10330.5,2719,NA,5798,2903,4305,16733.5,14543.25,NA,2532.66666666667,NA
2017-03-07 21:00:00,10331,2719,NA,5798,2903,4305,16734,14544.25,NA,2532.66666666667,NA
2017-03-07 22:00:00,10331.75,2719,NA,5798,2903,4305,16734,14546.25,NA,2532.66666666667,NA
2017-03-07 23:00:00,10332.75,2719,NA,5798,2903,4305,16734,14546.75,NA,2532.66666666667,NA
2017-03-08 00:00:00,10332.75,2719,NA,5798,2903,4305,16734,14547,NA,2532.66666666667,NA
2017-03-08 01:00:00,10333.5,2719,NA,5798,2903.25,4305,16734,14547,NA,2533.16666666667,NA
2017-03-08 02:00:00,10334.25,2718.75,NA,5798,2904,4305,16734.25,14547,NA,2533.66666666667,NA
2017-03-08 03:00:00,10334,2719,NA,5798,2903.25,4305,16734,14547,NA,2533.16666666667,NA
2017-03-08 04:00:00,10335.5,2719,NA,5798,2903.5,4305,16734.25,14547,NA,2533.16666666667,NA
2017-03-08 05:00:00,10336,2719,NA,5798,2904,4305,16735,14548,NA,2533.66666666667,NA
2017-03-08 06:00:00,10341,2718.75,NA,5798,2904,4305,16736.25,14548,NA,2533.66666666667,NA
2017-03-08 07:00:00,10347,2719,NA,5798,2904,4305,16737.5,14548,NA,2533.66666666667,NA
2017-03-08 08:00:00,10344.75,2719,NA,5798,2904,4305,16738,14548,NA,2533.66666666667,NA
2017-03-08 09:00:00,10342,2719,NA,5798,2903.5,4305,16737.5,14547,NA,2533.66666666667,NA
2017-03-08 10:00:00,10339.75,2719,NA,5798,2903.25,4305,16736.75,14549.25,NA,2533.66666666667,NA
2017-03-08 11:00:00,10340,2719,NA,5798,2904,4305,16735.25,14550.75,NA,2534.41666666667,NA
2017-03-08 12:00:00,10342,2719,NA,5798,2904,4305,16727.75,14549.75,NA,2533.91666666667,NA
2017-03-08 13:00:00,10343.75,2719,NA,5798,2904,4305,16715.75,14548,NA,2535.91666666667,NA
2017-03-08 14:00:00,10344.75,2719,NA,5798,2904,4305,16707.25,14545.25,NA,2535.16666666667,NA
2017-03-08 15:00:00,10345.75,2719,NA,5798,2904,4305,16697.25,14544.25,NA,2534.66666666667,NA
2017-03-08 16:00:00,10346.5,2719,NA,5798,2904,4305,16687.25,14540.25,NA,2535.41666666667,NA
2017-03-08 17:00:00,10345.25,2719,NA,5798,2903.75,4305,16681.5,14533.5,NA,2536.66666666667,NA
2017-03-08 18:00:00,10337.75,2719,NA,5798,2903,4305,16679.25,14529.75,NA,2535.16666666667,NA
2017-03-08 19:00:00,10338.25,2720,NA,5798,2903,4305,16680,14530.5,NA,2535.66666666667,NA
2017-03-08 20:00:00,10337.25,2720,NA,5798,2903,4305,16680,14530.25,NA,2535.66666666667,NA
2017-03-08 21:00:00,10337.25,2720,NA,5798,2903,4305,16680,14529.25,NA,2535.66666666667,NA
2017-03-08 22:00:00,10336.25,2720,NA,5798,2903,4305,16680,14530.25,NA,2535.66666666667,NA
2017-03-08 23:00:00,10335,2720,NA,5798,2903,4305,16680,14531,NA,2535.66666666667,NA
2017-03-09 00:00:00,10334.75,2720,NA,5798,2903,4305,16683,14531,NA,2535.66666666667,NA
2017-03-09 01:00:00,10333.75,2720,NA,5798,2903,4305,16684,14530.25,NA,2535.66666666667,NA
2017-03-09 02:00:00,10332,2720,NA,5798,2903,4305,16684,14530.75,NA,2535.66666666667,NA
2017-03-09 03:00:00,10332,2720,NA,5798,2903,4305,16692,14531,NA,2535.66666666667,NA
2017-03-09 04:00:00,10332.5,2720,NA,5798,2903,4305,16711.5,14531,NA,2535.66666666667,NA
2017-03-09 05:00:00,10332,2720,NA,5798,2903,4305,16717.25,14531,NA,2535.66666666667,NA
2017-03-09 06:00:00,10332.25,2720,NA,5798,2903,4305,16721.25,14531.25,NA,2535.66666666667,NA
2017-03-09 07:00:00,10332.25,2720,NA,5798,2903,4305,16724,14535.25,NA,2535.66666666667,NA
2017-03-09 08:00:00,10331,2720,NA,5798,2903,4305,16727.5,14537,NA,2535.66666666667,NA
2017-03-09 09:00:00,10332,2720,NA,5798,2903,4305,16731,14538.5,NA,2535.66666666667,NA
2017-03-09 10:00:00,10332.75,2720,NA,5798,2903,4305,16733.5,14541.75,NA,2535.66666666667,NA
2017-03-09 11:00:00,10332.75,2720,NA,5798,2903.25,4305.25,16736.5,14543.25,NA,2534.66666666667,NA
2017-03-09 12:00:00,10332.25,2720,NA,5798,2904,4306,16739.75,14546,NA,2536.41666666667,NA
2017-03-09 13:00:00,10331.5,2720,NA,5798,2904,4307.25,16742,14549.5,NA,2536.66666666667,NA
2017-03-09 14:00:00,10332.5,2720,NA,5798.75,2904,4308.25,16744.5,14553.25,NA,2536.66666666667,NA
2017-03-09 15:00:00,10333.25,2720,NA,5799,2904,4309.5,16748,14556.5,NA,2536.66666666667,NA
2017-03-09 16:00:00,10333.25,2721,NA,5799,2904,4310.25,16750.5,14560,NA,2536.66666666667,NA
2017-03-09 17:00:00,10334,2721,NA,5799,2904,4311.25,16754,14562,NA,2536.66666666667,NA
2017-03-09 18:00:00,10334.25,2721,NA,5799,2904,4312.75,16756.5,14564.25,NA,2536.66666666667,NA
2017-03-09 19:00:00,10334.5,2721,NA,5799,2904,4314.5,16760.25,14567,NA,2536.66666666667,NA
2017-03-09 20:00:00,10334,2721,NA,5803,2904,4316.25,16762.75,14569.5,NA,2536.66666666667,NA
2017-03-09 21:00:00,10333.75,2721,NA,5807,2904.5,4318.25,16766,14572.5,NA,2536.66666666667,NA
2017-03-09 22:00:00,10334,2721,NA,5807,2905,4320.25,16768,14577.75,NA,2537.91666666667,NA
2017-03-09 23:00:00,10334.75,2721,NA,5807,2905,4323.25,16771.25,14582,NA,2538.41666666667,NA
2017-03-10 00:00:00,10335.75,2721.5,NA,5807,2905.5,4326.25,16774.5,14583.75,NA,2537.66666666667,NA
2017-03-10 01:00:00,10336,2721.25,NA,5807.25,2906.5,4330,16778.5,14590,NA,2537.66666666667,NA
2017-03-10 02:00:00,10337.5,2722,NA,5808,2907,4334,16778.75,14594,NA,2537.66666666667,NA
2017-03-10 03:00:00,10338,2722,NA,5808.75,2907.75,4334,16781.75,14598.75,NA,2537.66666666667,NA
2017-03-10 04:00:00,10338.75,2722,NA,5812,2909.25,4335.75,16785,14600.25,NA,2537.66666666667,NA
2017-03-10 05:00:00,10340,2722,NA,5812,2910.5,4338,16785,14601.75,NA,2537.66666666667,NA
2017-03-10 06:00:00,10341.5,2722,NA,5812,2911,4338,16785,14601.25,NA,2537.66666666667,NA
2017-03-10 07:00:00,10342.25,2722,NA,5812,2911,4338,16785,14600.75,NA,2537.66666666667,NA
2017-03-10 08:00:00,10343,2722,NA,5812,2911,4338,16785,14600.25,NA,2537.66666666667,NA
2017-03-10 09:00:00,10344.25,2722,NA,5812,2912,4338,16784.25,14600.25,NA,2537.66666666667,NA
2017-03-10 10:00:00,10344.25,2722,NA,5812,2913,4338,16781.5,14599.25,NA,2539.16666666667,NA
2017-03-10 11:00:00,10345.75,2722,NA,5812,2913,4338,16779,14596.75,NA,2540.66666666667,NA
2017-03-10 12:00:00,10346.25,2722,NA,5812,2913,4338,16770.25,14592,NA,2540.91666666667,NA
2017-03-10 13:00:00,10348.25,2722,NA,5812,2913,4338,16756.75,14586.5,NA,2542.91666666667,NA
2017-03-10 14:00:00,10350.75,2722,NA,5812,2913,4337.5,16741,14578,NA,2541.66666666667,NA
2017-03-10 15:00:00,10352,2722.25,NA,5812,2913,4335.75,16727.75,14568,NA,2541.66666666667,NA
2017-03-10 16:00:00,10352,2723,NA,5812,2913,4332.5,16714.5,14560.25,NA,2543.91666666667,NA
2017-03-10 17:00:00,10356,2722.25,NA,5812,2913,4330.5,16704.75,14552.5,NA,2543.91666666667,NA
2017-03-10 18:00:00,10361.75,2722,NA,5812,2913,4329.25,16698.25,14548.5,NA,2544.41666666667,NA
2017-03-10 19:00:00,10365.5,2722,NA,5812,2913,4329,16697,14548,NA,2544.66666666667,NA
2017-03-10 20:00:00,10366.5,2722,NA,5812,2913,4329,16697.75,14548.5,NA,2544.66666666667,NA
2017-03-10 21:00:00,10368.75,2723,NA,5812,2913,4329,16698,14549,NA,2545.91666666667,NA
2017-03-10 22:00:00,10370.5,2723,NA,5812,2913,4329,16698,14549,NA,2546.66666666667,NA
2017-03-10 23:00:00,10371.25,2723,NA,5812,2913,4329,16698,14549,NA,2546.66666666667,NA
2017-03-11 00:00:00,10371.25,2723,NA,5812,2913,4329,16700.5,14549,NA,2546.66666666667,NA
2017-03-11 01:00:00,10371.75,2723,NA,5812,2913,4329,16701,14549,NA,2546.66666666667,NA
2017-03-11 02:00:00,10372,2723,NA,5812,2913,4329,16701,14549,NA,2546.66666666667,NA
2017-03-11 03:00:00,10373,2723,NA,5812,2913,4329,16701.25,14549,NA,2546.66666666667,NA
2017-03-11 04:00:00,10374.75,2723,NA,5812,2913,4329,16703.25,14549,NA,2547.41666666667,NA
2017-03-11 05:00:00,10376.5,2723,NA,5812,2913,4329,16704.75,14549,NA,2548.66666666667,NA
2017-03-11 06:00:00,10377.75,2723,NA,5812,2913,4330,16704.25,14550,NA,2548.66666666667,NA
2017-03-11 07:00:00,10378,2723,NA,5812,2913,4330,16704.75,14550,NA,2548.66666666667,NA
2017-03-11 08:00:00,10379,2723,NA,5812,2913,4330,16703.5,14550,NA,2548.66666666667,NA
2017-03-11 09:00:00,10380.5,2723,NA,5812,2913,4329.75,16702,14549.75,NA,2548.66666666667,NA
2017-03-11 10:00:00,10383.75,2723,NA,5812,2913,4329,16699.5,14549,NA,2548.16666666667,NA
2017-03-11 11:00:00,10394,2723,NA,5812,2913,4329,16690.5,14548.25,NA,2546.66666666667,NA
2017-03-11 12:00:00,10402.75,2723,NA,5812,2913,4329,16677,14544.25,NA,2548.91666666667,NA
2017-03-11 13:00:00,10406.75,2722.75,NA,5812,2913,4326,16652.5,14537.75,NA,2550.16666666667,NA
2017-03-11 14:00:00,10408.75,2723,NA,5812,2913,4319.25,16621.5,14526.75,NA,2549.41666666667,NA
2017-03-11 15:00:00,10411.25,2723,NA,5812,2913,4309.25,16587.5,14519,NA,2549.16666666667,NA
2017-03-11 16:00:00,10412.25,2723,NA,5812,2913,4300.5,16554,14510.25,NA,2550.66666666667,NA
2017-03-11 17:00:00,10412,2723,NA,5812,2913,4296.25,16528.25,14503,NA,2550.66666666667,NA
2017-03-11 18:00:00,10411.25,2723,NA,5812,2913,4295,16517.25,14499,NA,2548.91666666667,NA
2017-03-11 19:00:00,10410.75,2723,NA,5812,2913,4295,16515,14498,NA,2549.91666666667,NA
2017-03-11 20:00:00,10411,2723,NA,5812,2913,4295,16515.75,14499,NA,2550.66666666667,NA
2017-03-11 21:00:00,10411,2723,NA,5812,2913,4295,16516,14498,NA,2550.66666666667,NA
2017-03-11 22:00:00,10409.25,2723,NA,5812,2913,4295,16518.75,14497,NA,2550.66666666667,NA
2017-03-11 23:00:00,10409,2723,NA,5812,2913,4295,16520,14497.25,NA,2551.66666666667,NA
2017-03-12 00:00:00,10409,2723,NA,5812,2913,4295,16522.75,14498,NA,2551.66666666667,NA
2017-03-12 01:00:00,10409,2723,NA,5812,2913,4295,16525,14498.75,NA,2551.66666666667,NA
2017-03-12 02:00:00,10410,2723,NA,5812,2913,4295,16529,14499,NA,2552.16666666667,NA
2017-03-12 03:00:00,10410,2723,NA,5812,2913,4295,16531,14498.25,NA,2552.41666666667,NA
2017-03-12 04:00:00,10410,2723,NA,5812,2913,4295,16534.5,14498.75,NA,2552.66666666667,NA
2017-03-12 05:00:00,10410,2723,NA,5812,2913,4295,16539,14499,NA,2552.66666666667,NA
2017-03-12 06:00:00,10410,2723,NA,5812,2913,4295,16544.25,14499,NA,2552.66666666667,NA
2017-03-12 07:00:00,10410,2723,NA,5812,2913,4295,16549,14499,NA,2552.66666666667,NA
2017-03-12 08:00:00,10410,2723,NA,5812,2913,4295,16553.5,14499,NA,2552.66666666667,NA
2017-03-12 09:00:00,10409.5,2723,NA,5812,2913,4295,16554,14499,NA,2551.91666666667,NA
2017-03-12 10:00:00,10409,2722.25,NA,5812,2913,4295,16553.25,14499,NA,2551.41666666667,NA
2017-03-12 11:00:00,10411.5,2722,NA,5812,2913,4295,16545.75,14498,NA,2553.66666666667,NA
2017-03-12 12:00:00,10411.25,2722,NA,5812,2913,4294.75,16528,14497.5,NA,2551.91666666667,NA
2017-03-12 13:00:00,10412.5,2722,NA,5812,2913,4288.25,16507.75,14497,NA,2551.16666666667,NA
2017-03-12 14:00:00,10411.25,2722,NA,5812,2913,4279,16482.5,14496.25,NA,2552.66666666667,NA
2017-03-12 15:00:00,10411,2722,NA,5812,2913,4269.75,16460,14493,NA,2552.66666666667,NA
2017-03-12 16:00:00,10411,2722,NA,5812,2913,4263.25,16443,14490,NA,2552.66666666667,NA
2017-03-12 17:00:00,10411,2722,NA,5812,2913,4259.5,16428.25,14488,NA,2552.66666666667,NA
2017-03-12 18:00:00,10411.25,2721.25,NA,5812,2913,4258,16420.5,14488,NA,2552.16666666667,NA
2017-03-12 19:00:00,10412.5,2721,NA,5812,2912.5,4258,16421.5,14485.5,NA,2551.66666666667,NA
2017-03-12 20:00:00,10411,2720,NA,5812,2913,4258,16426.5,14486,NA,2552.91666666667,NA
2017-03-12 21:00:00,10411,2720,NA,5811.5,2913,4258,16435,14486.5,NA,2553.66666666667,NA
2017-03-12 22:00:00,10411,2720,NA,5811,2913,4258,16443.25,14487,NA,2553.66666666667,NA
2017-03-12 23:00:00,10411,2720,NA,5811.75,2913,4258,16451,14487,NA,2553.66666666667,NA
2017-03-13 00:00:00,10409.5,2720,NA,5812,2913,4258,16457.25,14487,NA,2554.16666666667,NA
2017-03-13 01:00:00,10410,2719.25,NA,5812,2913,4258,16464.5,14487,NA,2552.91666666667,NA
2017-03-13 02:00:00,10410,2719,NA,5812,2913,4258,16471.25,14487,NA,2552.66666666667,NA
2017-03-13 03:00:00,10410,2719,NA,5812,2913,4258,16476.75,14487,NA,2552.66666666667,NA
2017-03-13 04:00:00,10410,2719,NA,5812,2912.5,4258,16481.75,14487,NA,2552.66666666667,NA
2017-03-13 05:00:00,10410,2719,NA,5812,2912,4258,16488.5,14487,NA,2552.66666666667,NA
2017-03-13 06:00:00,10410,2719,NA,5812,2912,4258,16493.25,14487,NA,2552.66666666667,NA
2017-03-13 07:00:00,10410,2719,NA,5812,2912,4258,16498,14487,NA,2552.66666666667,NA
2017-03-13 08:00:00,10410,2719,NA,5812,2912,4258,16502.75,14487,NA,2552.66666666667,NA
2017-03-13 09:00:00,10410,2719,NA,5812,2912.25,4258,16504.5,14487,NA,2552.66666666667,NA
2017-03-13 10:00:00,10410,2719,NA,5812,2913,4258,16507,14487,NA,2552.66666666667,NA
2017-03-13 11:00:00,10409.5,2719,NA,5812,2913,4258,16505.75,14487,NA,2553.66666666667,NA
2017-03-13 12:00:00,10409.5,2719,NA,5811.5,2913,4258,16501.75,14486,NA,2553.66666666667,NA
2017-03-13 13:00:00,10410.5,2719,NA,5812,2913,4258,16490.75,14485.25,NA,2552.41666666667,NA
2017-03-13 14:00:00,10412,2719,NA,5812,2913,4257.75,16474.25,14485,NA,2553.41666666667,NA
2017-03-13 15:00:00,10411.5,2719,NA,5812,2913,4251.5,16454.75,14484.75,NA,2552.91666666667,NA
2017-03-13 16:00:00,10411,2719,NA,5812,2913,4245,16429.5,14484,NA,2552.66666666667,NA
2017-03-13 17:00:00,10411,2719,NA,5812,2913,4237.75,16408.5,14484,NA,2552.66666666667,NA
2017-03-13 18:00:00,10411,2719,NA,5812,2913,4235.25,16399,14484.25,NA,2552.66666666667,NA
2017-03-13 19:00:00,10411,2718.5,NA,5811.5,2913,4234.25,16398,14485,NA,2552.66666666667,NA
2017-03-13 20:00:00,10410,2718,NA,5812,2912.25,4234,16400.5,14484.25,NA,2554.16666666667,NA
2017-03-13 21:00:00,10410,2717.5,NA,5811.5,2912.5,4234,16402.5,14482.75,NA,2551.66666666667,NA
2017-03-13 22:00:00,10410.25,2717,NA,5811,2913,4234,16407.5,14483,NA,2552.41666666667,NA
2017-03-13 23:00:00,10409,2717,NA,5811,2913,4234,16413.25,14483,NA,2553.66666666667,NA
2017-03-14 00:00:00,10409,2717,NA,5811,2913,4234.25,16419.25,14484,NA,2553.66666666667,NA
2017-03-14 01:00:00,10409,2716,NA,5811.75,2913,4234,16425.25,14484,NA,2554.16666666667,NA
2017-03-14 02:00:00,10409.5,2716,NA,5812,2912.25,4234,16432.25,14484,NA,2555.16666666667,NA
2017-03-14 03:00:00,10410,2716,NA,5811.75,2912,4234,16439,14484,NA,2555.66666666667,NA
2017-03-14 04:00:00,10410,2716,NA,5811,2912,4234,16443.5,14484,NA,2555.66666666667,NA
2017-03-14 05:00:00,10410,2716,NA,5811,2912,4234,16449.25,14484,NA,2555.66666666667,NA
2017-03-14 06:00:00,10408.75,2715.25,NA,5811,2912,4234,16454.75,14484,NA,2554.41666666667,NA
2017-03-14 07:00:00,10408,2715,NA,5811,2912,4234,16459.25,14484,NA,2552.91666666667,NA
2017-03-14 08:00:00,10407.75,2715,NA,5811,2912,4234,16463.5,14484,NA,2552.91666666667,NA
2017-03-14 09:00:00,10409.5,2715,NA,5811,2912,4234,16466,14484,NA,2555.16666666667,NA
2017-03-14 10:00:00,10410,2715,NA,5811,2912.25,4234.5,16466,14484,NA,2555.66666666667,NA
2017-03-14 11:00:00,10409.25,2715.5,NA,5811,2913,4234.75,16466,14483.75,NA,2554.66666666667,NA
2017-03-14 12:00:00,10409,2716,NA,5811.25,2913,4234,16461.5,14482.5,NA,2553.91666666667,NA
2017-03-14 13:00:00,10409.75,2715,NA,5811,2912,4234,16446.75,14479,NA,2554.91666666667,NA
2017-03-14 14:00:00,10409.5,2715.5,NA,5811,2913,4231.75,16427.25,14478.75,NA,2553.91666666667,NA
2017-03-14 15:00:00,10410.5,2716,NA,5811,2913,4223,16404.5,14476.75,NA,2552.66666666667,NA
2017-03-14 16:00:00,10411,2716,NA,5811,2913,4213.75,16380.75,14475,NA,2552.66666666667,NA
2017-03-14 17:00:00,10410.75,2716,NA,5811,2913,4207.25,16361.75,14475,NA,2552.66666666667,NA
2017-03-14 18:00:00,10410.25,2716,NA,5811,2913,4204,16351,14474.75,NA,2552.66666666667,NA
2017-03-14 19:00:00,10409,2715.75,NA,5811,2912.5,4204,16352.5,14472.5,NA,2552.66666666667,NA
2017-03-14 20:00:00,10409.5,2715,NA,5810.25,2912,4204,16355.5,14473,NA,2553.91666666667,NA
2017-03-14 21:00:00,10408.5,2715,NA,5807,2912.5,4204,16363.5,14473.25,NA,2554.66666666667,NA
2017-03-14 22:00:00,10408,2714.75,NA,5807.25,2913,4204,16371.75,14474,NA,2555.41666666667,NA
2017-03-14 23:00:00,10409,2714.5,NA,5807,2912.25,4204,16379,14474,NA,2553.66666666667,NA
2017-03-15 00:00:00,10409,2714,NA,5807,2912,4204,16388.75,14474,NA,2553.66666666667,NA
2017-03-15 01:00:00,10409,2714,NA,5803,2912,4204,16395.75,14475,NA,2554.16666666667,NA
2017-03-15 02:00:00,10409,2714,NA,5801,2912,4204,16402.25,14475,NA,2554.91666666667,NA
2017-03-15 03:00:00,10408.75,2714,NA,5801,2912,4204,16408,14475,NA,2555.66666666667,NA
2017-03-15 04:00:00,10407.5,2714,NA,5801,2912,4204,16414.75,14475,NA,2555.66666666667,NA
2017-03-15 05:00:00,10407.25,2714,NA,5801,2912,4204,16418.25,14475,NA,2555.66666666667,NA
2017-03-15 06:00:00,10407.5,2713.25,NA,5801,2912,4204,16423.5,14475,NA,2555.66666666667,NA
2017-03-15 07:00:00,10407.25,2713,NA,5801,2912,4204,16428,14475,NA,2555.66666666667,NA
2017-03-15 08:00:00,10407,2713,NA,5801,2912,4204,16432,14475,NA,2555.66666666667,NA
2017-03-15 09:00:00,10408.75,2713.25,NA,5801,2912,4204,16432,14475,NA,2555.66666666667,NA
2017-03-15 10:00:00,10409,2714,NA,5801,2912.5,4204,16432.5,14474.25,NA,2553.91666666667,NA
2017-03-15 11:00:00,10407.75,2713.5,NA,5801,2912.5,4204,16428.75,14473.25,NA,2555.41666666667,NA
2017-03-15 12:00:00,10409.25,2713,NA,5801,2912,4204,16418.25,14473.25,NA,2554.41666666667,NA
2017-03-15 13:00:00,10409,2713,NA,5801,2912,4204,16401.25,14474.5,NA,2552.66666666667,NA
2017-03-15 14:00:00,10409,2713,NA,5801,2913,4201,16379.75,14472.75,NA,2552.66666666667,NA
2017-03-15 15:00:00,10409,2713.75,NA,5801,2913,4193,16359.25,14472,NA,2553.16666666667,NA
2017-03-15 16:00:00,10408.25,2713.75,NA,5801,2913,4185.25,16341.5,14471.5,NA,2554.91666666667,NA
2017-03-15 17:00:00,10408,2713.25,NA,5801,2913,4180.5,16323,14469.75,NA,2554.41666666667,NA
2017-03-15 18:00:00,10408.75,2713,NA,5799.25,2912,4178,16317.25,14466,NA,2552.66666666667,NA
2017-03-15 19:00:00,10407.75,2713,NA,5794.75,2912,4178,16317.75,14464.75,NA,2553.91666666667,NA
2017-03-15 20:00:00,10407,2713,NA,5795,2912.5,4178,16323.5,14464,NA,2554.66666666667,NA
2017-03-15 21:00:00,10407.5,2713,NA,5795,2913,4178,16333.75,14465,NA,2555.16666666667,NA
2017-03-15 22:00:00,10408.75,2713,NA,5795,2912.25,4178,16343.5,14465,NA,2556.66666666667,NA
2017-03-15 23:00:00,10409,2713,NA,5792.5,2912,4178,16353,14465,NA,2556.66666666667,NA
2017-03-16 00:00:00,10409,2713,NA,5789,2912,4178,16361,14465,NA,2555.91666666667,NA
2017-03-16 01:00:00,10409,2713,NA,5789,2912,4178,16369,14465,NA,2553.66666666667,NA
2017-03-16 02:00:00,10409,2713,NA,5789,2912,4178,16376.5,14465,NA,2553.66666666667,NA
2017-03-16 03:00:00,10408.5,2713,NA,5788,2912,4178,16384.25,14465.5,NA,2553.91666666667,NA
2017-03-16 04:00:00,10407.75,2712.25,NA,5788,2912,4178.25,16392.5,14466,NA,2554.66666666667,NA
2017-03-16 05:00:00,10407,2712,NA,5788,2912,4179,16401.25,14466,NA,2554.66666666667,NA
2017-03-16 06:00:00,10407,2712,NA,5788,2912,4179.5,16405.75,14466,NA,2555.66666666667,NA
2017-03-16 07:00:00,10407,2712,NA,5788,2912,4180.25,16410.75,14466,NA,2555.66666666667,NA
2017-03-16 08:00:00,10407,2712,NA,5788,2912,4181,16415.5,14466,NA,2555.66666666667,NA
2017-03-16 09:00:00,10407,2712,NA,5788,2912,4181,16416,14466,NA,2555.66666666667,NA
2017-03-16 10:00:00,10408,2712,NA,5788,2912,4180,16416,14465,NA,2554.16666666667,NA
2017-03-16 11:00:00,10409,2712,NA,5788.75,2912.25,4180.5,16415,14465,NA,2555.66666666667,NA
2017-03-16 12:00:00,10407.5,2712,NA,5788,2912.25,4181,16410.25,14465,NA,2555.41666666667,NA
2017-03-16 13:00:00,10408.5,2712,NA,5788.5,2912,4181,16396.5,14463.5,NA,2553.91666666667,NA
2017-03-16 14:00:00,10409,2712,NA,5788,2912,4180.75,16375.5,14463,NA,2552.91666666667,NA
2017-03-16 15:00:00,10408,2712,NA,5788,2912.5,4178.5,16352.5,14462.25,NA,2554.91666666667,NA
2017-03-16 16:00:00,10408.75,2712,NA,5788,2912,4172.75,16328.25,14462,NA,2553.66666666667,NA
2017-03-16 17:00:00,10408.5,2712,NA,5788,2912,4167.75,16305.75,14461.75,NA,2553.66666666667,NA
2017-03-16 18:00:00,10407.5,2712,NA,5787.5,2912,4163.25,16293.75,14459,NA,2554.16666666667,NA
2017-03-16 19:00:00,10408.25,2712,NA,5783,2912,4163,16294,14459.75,NA,2553.66666666667,NA
2017-03-16 20:00:00,10407.25,2712,NA,5782.75,2912,4163,16299.5,14460.25,NA,2552.66666666667,NA
2017-03-16 21:00:00,10406.75,2712,NA,5782,2912,4162.25,16309,14461,NA,2554.41666666667,NA
2017-03-16 22:00:00,10407,2712,NA,5782,2912,4162.25,16319.25,14461,NA,2554.66666666667,NA
2017-03-16 23:00:00,10407,2711.5,NA,5777.5,2912,4163,16330.25,14462,NA,2554.91666666667,NA
2017-03-17 00:00:00,10408.25,2712,NA,5777,2912,4163,16339,14461.5,NA,2556.41666666667,NA
2017-03-17 01:00:00,10409,2712,NA,5777,2912,4163,16347,14461,NA,2556.66666666667,NA
2017-03-17 02:00:00,10409,2711.5,NA,5777,2912,4163,16356,14461.5,NA,2554.66666666667,NA
2017-03-17 03:00:00,10408.25,2711,NA,5777,2912,4163,16366.75,14461.75,NA,2553.66666666667,NA
2017-03-17 04:00:00,10406.75,2711,NA,5777,2912,4163,16374.75,14461.25,NA,2553.66666666667,NA
2017-03-17 05:00:00,10406,2711,NA,5777,2912,4164,16381,14461.5,NA,2553.66666666667,NA
2017-03-17 06:00:00,10406.5,2711,NA,5777,2912,4164.75,16387,14462.75,NA,2554.66666666667,NA
2017-03-17 07:00:00,10406.75,2711,NA,5776.75,2912,4165.5,16394.25,14463,NA,2555.16666666667,NA
2017-03-17 08:00:00,10407,2711,NA,5777,2912,4166,16398,14463,NA,2554.91666666667,NA
2017-03-17 09:00:00,10406.5,2711,NA,5777,2912,4166,16397.5,14462.5,NA,2554.41666666667,NA
2017-03-17 10:00:00,10407.5,2711,NA,5777,2912,4166,16397,14462,NA,2553.66666666667,NA
2017-03-17 11:00:00,10408.75,2711,NA,5777,2912,4166,16396,14461.5,NA,2555.41666666667,NA
2017-03-17 12:00:00,10407,2711,NA,5777,2912,4166,16389.5,14459.75,NA,2554.91666666667,NA
2017-03-17 13:00:00,10408.75,2711,NA,5777,2912,4166,16369.25,14457,NA,2553.16666666667,NA
2017-03-17 14:00:00,10408.25,2711.5,NA,5777,2911.75,4164.5,16344.75,14456,NA,2553.91666666667,NA
2017-03-17 15:00:00,10409.25,2711,NA,5773,2911,4152.75,16316,14454.25,NA,2553.41666666667,NA
2017-03-17 16:00:00,10407.5,2711,NA,5771,2911.75,4140.75,16287.25,14452,NA,2552.41666666667,NA
2017-03-17 17:00:00,10408,2711,NA,5771,2911,4131.75,16260.25,14452,NA,2551.91666666667,NA
2017-03-17 18:00:00,10406.75,2711,NA,5769,2911,4126.5,16247.75,14452,NA,2552.91666666667,NA
2017-03-17 19:00:00,10407.25,2711.25,NA,5766,2910.25,4126,16252.75,14452.75,NA,2551.16666666667,NA
2017-03-17 20:00:00,10408,2711.25,NA,5765,2909.75,4126,16263,14453,NA,2551.66666666667,NA
2017-03-17 21:00:00,10407.25,2711,NA,5761,2908.75,4126,16275,14453.25,NA,2552.66666666667,NA
2017-03-17 22:00:00,10406,2710.75,NA,5761,2908,4126,16282,14453.75,NA,2552.66666666667,NA
2017-03-17 23:00:00,10406,2710,NA,5761,2908,4126.25,16294.5,14453,NA,2549.91666666667,NA
2017-03-18 00:00:00,10406,2710,NA,5761,2908,4127,16302,14453.75,NA,2549.91666666667,NA
2017-03-18 01:00:00,10407,2710,NA,5761,2908,4127,16308.75,14451.5,NA,2551.41666666667,NA
2017-03-18 02:00:00,10407,2709.75,NA,5761,2908,4127,16319.75,14451.75,NA,2551.66666666667,NA
2017-03-18 03:00:00,10407,2709,NA,5756,2907.25,4130.25,16333.5,14453,NA,2551.66666666667,NA
2017-03-18 04:00:00,10407,2709,NA,5756,2907,4133,16340.75,14454.5,NA,2551.66666666667,NA
2017-03-18 05:00:00,10407,2709,NA,5756,2906.25,4139,16347.5,14454,NA,2551.66666666667,NA
2017-03-18 06:00:00,10407,2709,NA,5756,2906,4141,16354.5,14454,NA,2551.66666666667,NA
2017-03-18 07:00:00,10407,2709,NA,5755.5,2904,4143.75,16359.75,14454,NA,2551.66666666667,NA
2017-03-18 08:00:00,10407,2709,NA,5751,2903,4147,16359.75,14454,NA,2551.41666666667,NA
2017-03-18 09:00:00,10406.25,2709,NA,5751,2903,4146.75,16356.75,14454,NA,2550.66666666667,NA
2017-03-18 10:00:00,10406,2709,NA,5751,2903,4146.5,16349.75,14454,NA,2549.66666666667,NA
2017-03-18 11:00:00,10406,2709,NA,5751,2902.5,4146,16345.5,14451,NA,2549.66666666667,NA
2017-03-18 12:00:00,10406.5,2709,NA,5751,2902,4146,16345,14444.75,NA,2550.91666666667,NA
2017-03-18 13:00:00,10404.75,2709,NA,5751,2901.5,4146,16350.25,14434.75,NA,2551.66666666667,NA
2017-03-18 14:00:00,10403.75,2709,NA,5751,2900.25,4148.25,16363.75,14425.5,NA,2551.41666666667,NA
2017-03-18 15:00:00,10402.75,2709,NA,5751,2900,4154.25,16381.75,14422,NA,2550.41666666667,NA
2017-03-18 16:00:00,10401,2709,NA,5751,2900,4166.25,16481.25,14419.5,NA,2550.66666666667,NA
2017-03-18 17:00:00,10398.25,2709,NA,5751,2900,4180.5,16520.25,14416.5,NA,2550.66666666667,NA
2017-03-18 18:00:00,10396.25,2709,NA,5751,2900,4195,16543.25,14412,NA,2550.66666666667,NA
2017-03-18 19:00:00,10394,2709,NA,5751.75,2900,4203,16561,14407.75,NA,2550.66666666667,NA
2017-03-18 20:00:00,10391.75,2709,NA,5752,2900,4212.75,16577,14403.5,NA,2550.66666666667,NA
2017-03-18 21:00:00,10391,2710,NA,5752,2900.25,4217,16591.75,14404,NA,2550.66666666667,NA
2017-03-18 22:00:00,10390.75,2710,NA,5752,2901,4225.25,16603.25,14406,NA,2550.66666666667,NA
2017-03-18 23:00:00,10389.25,2710,NA,5752,2901,4227.25,16612.25,14406.25,NA,2550.66666666667,NA
2017-03-19 00:00:00,10389,2710,NA,5757,2901,4229.25,16622.5,14410.25,NA,2550.66666666667,NA
2017-03-19 01:00:00,10389.25,2710,NA,5763,2901,4230,16629.75,14415.5,NA,2550.66666666667,NA
2017-03-19 02:00:00,10390.25,2710,NA,5763,2901,4231,16637.5,14420.25,NA,2550.66666666667,NA
2017-03-19 03:00:00,10391.25,2710,NA,5763,2901,4236.25,16644.75,14427,NA,2550.66666666667,NA
2017-03-19 04:00:00,10394,2710,NA,5763,2901,4238,16647.75,14432.5,NA,2550.16666666667,NA
2017-03-19 05:00:00,10396,2710,NA,5763,2900.5,4240.5,16649.75,14440,NA,2551.16666666667,NA
2017-03-19 06:00:00,10397.25,2710,NA,5763,2901,4241.25,16650,14441,NA,2552.41666666667,NA
2017-03-19 07:00:00,10398,2710.75,NA,5763,2901,4241.75,16653.25,14441,NA,2553.66666666667,NA
2017-03-19 08:00:00,10398.5,2711,NA,5763,2901,4245,16656,14443,NA,2553.41666666667,NA
2017-03-19 09:00:00,10400,2710.25,NA,5763,2901,4245,16652,14443.5,NA,2552.66666666667,NA
2017-03-19 10:00:00,10401.25,2710.25,NA,5763,2901,4245,16642,14442,NA,2554.66666666667,NA
2017-03-19 11:00:00,10402,2711,NA,5763,2901,4245,16631.5,14442,NA,2554.66666666667,NA
2017-03-19 12:00:00,10403,2711,NA,5763,2901,4245,16614.75,14442,NA,2553.41666666667,NA
2017-03-19 13:00:00,10403.75,2711,NA,5763,2901,4245,16586,14435.75,NA,2552.66666666667,NA
2017-03-19 14:00:00,10406.25,2711,NA,5763,2901,4243.75,16554.5,14428.5,NA,2552.66666666667,NA
2017-03-19 15:00:00,10410,2711,NA,5763,2901,4240.75,16521.75,14420.75,NA,2552.16666666667,NA
2017-03-19 16:00:00,10413.75,2711,NA,5763,2901,4235.5,16485.25,14414.75,NA,2551.66666666667,NA
2017-03-19 17:00:00,10416.25,2711,NA,5763,2901,4230.25,16454,14413,NA,2551.66666666667,NA
2017-03-19 18:00:00,10419.25,2711,NA,5763,2901,4225,16430,14412.75,NA,2551.91666666667,NA
2017-03-19 19:00:00,10419.25,2711,NA,5763,2901,4224,16423.5,14410.75,NA,2552.66666666667,NA
2017-03-19 20:00:00,10417.25,2711,NA,5763,2901,4224,16426.75,14411,NA,2552.91666666667,NA
2017-03-19 21:00:00,10418.25,2711,NA,5763,2901,4224,16430,14411,NA,2554.16666666667,NA
2017-03-19 22:00:00,10419,2711,NA,5763,2901,4224,16437.75,14411.75,NA,2554.66666666667,NA
2017-03-19 23:00:00,10419,2711,NA,5763,2901,4224,16447.25,14414.75,NA,2554.66666666667,NA
2017-03-20 00:00:00,10419.25,2711,NA,5763,2901,4224.25,16454.75,14417.5,NA,2554.41666666667,NA
2017-03-20 01:00:00,10420,2711,NA,5763,2901,4224.5,16461.75,14418,NA,2553.66666666667,NA
2017-03-20 02:00:00,10420,2711,NA,5763,2901,4225,16470,14420.75,NA,2553.66666666667,NA
2017-03-20 03:00:00,10419.75,2711,NA,5763,2901,4225,16473.25,14423.5,NA,2553.66666666667,NA
2017-03-20 04:00:00,10419.25,2711,NA,5763,2901,4225,16477.75,14425,NA,2552.91666666667,NA
2017-03-20 05:00:00,10419.75,2711,NA,5763,2901,4225,16481.75,14425,NA,2553.41666666667,NA
2017-03-20 06:00:00,10420,2711,NA,5763,2901,4225,16485.5,14427.75,NA,2553.66666666667,NA
2017-03-20 07:00:00,10420,2711,NA,5763,2901,4225,16489.75,14428,NA,2553.66666666667,NA
2017-03-20 08:00:00,10420,2711,NA,5763,2901,4225,16491,14428,NA,2553.66666666667,NA
2017-03-20 09:00:00,10420,2711,NA,5763,2901,4225,16490.25,14430,NA,2553.66666666667,NA
2017-03-20 10:00:00,10420,2711,NA,5763,2901,4225,16490,14429.75,NA,2553.66666666667,NA
2017-03-20 11:00:00,10419.25,2711,NA,5763,2901,4224,16488.5,14426.75,NA,2554.41666666667,NA
2017-03-20 12:00:00,10420.25,2711,NA,5763,2901,4224,16475.25,14424,NA,2554.41666666667,NA
2017-03-20 13:00:00,10420.5,2711,NA,5763,2901,4222.5,16450.75,14422,NA,2552.91666666667,NA
2017-03-20 14:00:00,10422.75,2711,NA,5763,2901,4214.5,16424.25,14420,NA,2552.41666666667,NA
2017-03-20 15:00:00,10422,2711,NA,5763,2901,4204.5,16397.25,14417.25,NA,2552.41666666667,NA
2017-03-20 16:00:00,10421,2711,NA,5763,2901,4194.75,16362.75,14413.75,NA,2553.66666666667,NA
2017-03-20 17:00:00,10421,2711,NA,5763,2901,4187.25,16335,14412.5,NA,2553.66666666667,NA
2017-03-20 18:00:00,10421.25,2711,NA,5763,2901,4183.25,16324.75,14409.75,NA,2553.91666666667,NA
2017-03-20 19:00:00,10421.75,2711,NA,5763,2901,4183,16329.5,14409.25,NA,2552.66666666667,NA
2017-03-20 20:00:00,10420,2711,NA,5763,2901,4183,16342.5,14408,NA,2552.66666666667,NA
2017-03-20 21:00:00,10421,2711,NA,5763,2901,4183,16355.5,14408,NA,2554.16666666667,NA
2017-03-20 22:00:00,10421.75,2711,NA,5763,2901,4183,16369.25,14408.5,NA,2554.66666666667,NA
2017-03-20 23:00:00,10420.5,2711,NA,5762.5,2901,4183,16381,14411.75,NA,2554.66666666667,NA
2017-03-21 00:00:00,10419,2711,NA,5762,2901,4183,16394.5,14412,NA,2554.66666666667,NA
2017-03-21 01:00:00,10419.25,2711,NA,5762,2901,4183,16404.25,14413.25,NA,2555.41666666667,NA
2017-03-21 02:00:00,10419.5,2711,NA,5762,2901,4183.75,16413.5,14415.25,NA,2555.41666666667,NA
2017-03-21 03:00:00,10419,2711,NA,5762,2901,4185.25,16421.25,14418,NA,2554.66666666667,NA
2017-03-21 04:00:00,10419,2711,NA,5762,2901,4188,16431.5,14420.75,NA,2554.91666666667,NA
2017-03-21 05:00:00,10419.25,2711,NA,5762,2901,4189,16437,14422,NA,2554.16666666667,NA
2017-03-21 06:00:00,10420,2711,NA,5763,2901,4189.5,16444.5,14424.5,NA,2553.91666666667,NA
2017-03-21 07:00:00,10420,2711,NA,5763,2901,4190.5,16452.75,14425.25,NA,2553.66666666667,NA
2017-03-21 08:00:00,10420,2711,NA,5763,2901,4191,16457.75,14428,NA,2553.66666666667,NA
2017-03-21 09:00:00,10419.25,2711,NA,5762,2901,4191,16461.75,14428,NA,2554.91666666667,NA
2017-03-21 10:00:00,10419,2711,NA,5762.75,2901,4191,16462.75,14427.25,NA,2554.66666666667,NA
2017-03-21 11:00:00,10421.25,2711,NA,5763,2901,4191,16461.5,14429,NA,2554.66666666667,NA
2017-03-21 12:00:00,10420.5,2711,NA,5763,2901,4191,16450.75,14428.5,NA,2553.41666666667,NA
2017-03-21 13:00:00,10420.25,2711,NA,5763,2901,4191.25,16432,14426.25,NA,2552.66666666667,NA
2017-03-21 14:00:00,10422.5,2711,NA,5763,2901,4191,16410.75,14423.75,NA,2552.16666666667,NA
2017-03-21 15:00:00,10422,2711,NA,5763,2901,4189,16383.75,14421,NA,2554.41666666667,NA
2017-03-21 16:00:00,10421.75,2711,NA,5763,2901,4182.75,16362.25,14418,NA,2553.91666666667,NA
2017-03-21 17:00:00,10422,2711,NA,5763,2901,4178.75,16348.75,14416.25,NA,2553.16666666667,NA
2017-03-21 18:00:00,10421.75,2711,NA,5763,2901,4178,16349,14417,NA,2552.66666666667,NA
2017-03-21 19:00:00,10420,2711,NA,5763,2901,4178,16353.75,14417,NA,2552.66666666667,NA
2017-03-21 20:00:00,10420.75,2711,NA,5762.75,2901,4178,16363.75,14417,NA,2553.91666666667,NA
2017-03-21 21:00:00,10421.5,2711,NA,5762,2901,4178,16371.5,14417,NA,2554.66666666667,NA
2017-03-21 22:00:00,10422,2711,NA,5762,2901,4178,16379.75,14417.75,NA,2554.66666666667,NA
2017-03-21 23:00:00,10422,2711,NA,5762,2901,4178,16388,14418,NA,2554.66666666667,NA
2017-03-22 00:00:00,10420.5,2711,NA,5762,2901,4178,16394.5,14418,NA,2554.66666666667,NA
2017-03-22 01:00:00,10419.75,2711,NA,5762.5,2901,4178,16400.25,14418,NA,2556.16666666667,NA
2017-03-22 02:00:00,10420,2711,NA,5763,2901,4178,16405.25,14418.25,NA,2555.16666666667,NA
2017-03-22 03:00:00,10420,2711,NA,5763,2901,4178,16412,14419,NA,2553.66666666667,NA
2017-03-22 04:00:00,10420,2711,NA,5763,2901,4178,16417,14419,NA,2553.66666666667,NA
2017-03-22 05:00:00,10420,2711,NA,5763,2901,4178.5,16420.5,14421.75,NA,2553.66666666667,NA
2017-03-22 06:00:00,10420,2711,NA,5763,2901,4179,16426,14422,NA,2553.66666666667,NA
2017-03-22 07:00:00,10420,2711,NA,5763,2901,4180.25,16430.5,14422,NA,2553.66666666667,NA
2017-03-22 08:00:00,10420,2711,NA,5763,2901,4181.75,16436.5,14422.5,NA,2553.66666666667,NA
2017-03-22 09:00:00,10420,2711,NA,5763,2901,4183,16440,14424.75,NA,2555.16666666667,NA
2017-03-22 10:00:00,10419.25,2711,NA,5762,2901,4183,16443,14424.5,NA,2555.41666666667,NA
2017-03-22 11:00:00,10419.25,2711,NA,5762,2901,4183,16442.25,14424,NA,2554.66666666667,NA
2017-03-22 12:00:00,10421.25,2711,NA,5762,2901,4183,16440,14424,NA,2554.66666666667,NA
2017-03-22 13:00:00,10421.75,2711,NA,5762,2901,4183,16434,14424,NA,2554.66666666667,NA
2017-03-22 14:00:00,10420.25,2711,NA,5763,2901,4183,16419,14423.25,NA,2552.91666666667,NA
2017-03-22 15:00:00,10420,2711,NA,5763,2901,4183,16402,14422.75,NA,2552.66666666667,NA
2017-03-22 16:00:00,10420,2711,NA,5763,2901,4183,16388.5,14420.25,NA,2552.66666666667,NA
2017-03-22 17:00:00,10420,2711,NA,5762.75,2901,4183,16385.5,14417.75,NA,2552.66666666667,NA
2017-03-22 18:00:00,10421,2711,NA,5762,2901,4183,16386,14417,NA,2554.41666666667,NA
2017-03-22 19:00:00,10419.5,2711,NA,5762,2901,4183,16389.5,14418,NA,2554.66666666667,NA
2017-03-22 20:00:00,10417.5,2711,NA,5762.75,2901,4183,16398,14418,NA,2554.91666666667,NA
2017-03-22 21:00:00,10414.25,2711,NA,5763,2901,4183,16407.75,14418.75,NA,2553.66666666667,NA
2017-03-22 22:00:00,10413.5,2711,NA,5763,2901,4183,16419.25,14419,NA,2553.66666666667,NA
2017-03-22 23:00:00,10411,2711,NA,5763,2901,4183.75,16428.25,14419,NA,2553.91666666667,NA
2017-03-23 00:00:00,10410.5,2711,NA,5763,2901,4188.75,16450,14419,NA,2555.16666666667,NA
2017-03-23 01:00:00,10414.25,2711,NA,5763,2901,4193,16526.5,14419,NA,2555.66666666667,NA
2017-03-23 02:00:00,10416,2711,NA,5763,2901,4196,16557,14419.25,NA,2555.66666666667,NA
2017-03-23 03:00:00,10417,2711,NA,5763,2901,4198.75,16575,14422.75,NA,2555.66666666667,NA
2017-03-23 04:00:00,10418.75,2711,NA,5763,2901,4201,16589.75,14423,NA,2555.66666666667,NA
2017-03-23 05:00:00,10421.5,2711,NA,5763,2901,4203.5,16598.5,14425,NA,2555.66666666667,NA
2017-03-23 06:00:00,10422.5,2711,NA,5763,2901,4205.75,16607.5,14426,NA,2555.66666666667,NA
2017-03-23 07:00:00,10423,2711,NA,5763,2901,4207.5,16614.5,14426,NA,2555.66666666667,NA
2017-03-23 08:00:00,10425.75,2711.75,NA,5763,2901,4210,16620.5,14427.25,NA,2556.16666666667,NA
2017-03-23 09:00:00,10429.75,2712,NA,5763,2901,4214,16625.25,14429.75,NA,2558.66666666667,NA
2017-03-23 10:00:00,10431.75,2712,NA,5763,2901,4214,16625,14429.25,NA,2558.41666666667,NA
2017-03-23 11:00:00,10433.75,2712,NA,5763,2901,4214,16620.75,14427.75,NA,2560.41666666667,NA
2017-03-23 12:00:00,10435.25,2712,NA,5763,2901,4214,16596.25,14424.25,NA,2560.91666666667,NA
2017-03-23 13:00:00,10445.75,2712,NA,5763,2901,4214,16561,14423.5,NA,2563.91666666667,NA
2017-03-23 14:00:00,10453,2712,NA,5763,2901,4211.25,16526,14420,NA,2563.66666666667,NA
2017-03-23 15:00:00,10458.5,2712,NA,5763,2901,4204.25,16486.75,14418,NA,2565.66666666667,NA
2017-03-23 16:00:00,10462.75,2712,NA,5763,2901,4192.75,16450,14413.75,NA,2565.66666666667,NA
2017-03-23 17:00:00,10463,2712,NA,5763,2901,4192,16432.25,14411.5,NA,2565.66666666667,NA
2017-03-23 18:00:00,10464,2712,NA,5763,2901,4191.75,16430,14411,NA,2567.41666666667,NA
2017-03-23 19:00:00,10463.5,2712,NA,5763,2901,4191,16430.5,14411.5,NA,2565.66666666667,NA
2017-03-23 20:00:00,10466,2712,NA,5763,2901,4191,16432.5,14412,NA,2566.41666666667,NA
2017-03-23 21:00:00,10465.75,2712,NA,5763,2901,4191,16435.25,14412,NA,2566.16666666667,NA
2017-03-23 22:00:00,10465.25,2712,NA,5763,2901,4191,16439.5,14412,NA,2565.91666666667,NA
2017-03-23 23:00:00,10465.25,2712,NA,5763,2901,4191.25,16443,14412,NA,2565.41666666667,NA
2017-03-24 00:00:00,10465,2712,NA,5763,2901,4192,16444.25,14415,NA,2564.66666666667,NA
2017-03-24 01:00:00,10465,2712,NA,5763,2901,4192,16446.5,14415,NA,2566.66666666667,NA
2017-03-24 02:00:00,10465.5,2712,NA,5763,2901,4192,16448.5,14416.5,NA,2566.66666666667,NA
2017-03-24 03:00:00,10466,2712,NA,5763,2901,4192,16451.5,14418,NA,2566.91666666667,NA
2017-03-24 04:00:00,10466,2712,NA,5763,2901,4192,16453,14418.25,NA,2566.91666666667,NA
2017-03-24 05:00:00,10466,2712,NA,5763,2901,4192,16453,14418,NA,2566.66666666667,NA
2017-03-24 06:00:00,10465.5,2712,NA,5762.25,2901,4192,16453,14418.5,NA,2566.66666666667,NA
2017-03-24 07:00:00,10465,2712,NA,5762,2901,4192,16453,14420.5,NA,2567.66666666667,NA
2017-03-24 08:00:00,10465,2712,NA,5762.5,2901,4192,16452.5,14421,NA,2567.66666666667,NA
2017-03-24 09:00:00,10464.5,2712,NA,5763,2901,4192,16443.5,14421,NA,2567.16666666667,NA
2017-03-24 10:00:00,10465.75,2712,NA,5763,2901,4191.75,16422.75,14420,NA,2565.66666666667,NA
2017-03-24 11:00:00,10465.5,2712,NA,5763,2901,4187.75,16397.75,14418.5,NA,2565.91666666667,NA
2017-03-24 12:00:00,10464.75,2712,NA,5763,2901,4178.75,16369.5,14416,NA,2566.91666666667,NA
2017-03-24 13:00:00,10464.25,2712,NA,5763,2901,4169.5,16343.75,14416,NA,2566.66666666667,NA
2017-03-24 14:00:00,10464,2712,NA,5763,2901,4163,16327.5,14416,NA,2566.66666666667,NA
2017-03-24 15:00:00,10464,2712,NA,5763,2901,4160.5,16318.5,14414.75,NA,2566.66666666667,NA
2017-03-24 16:00:00,10464.5,2712,NA,5763,2901,4157,16314.25,14412.75,NA,2566.66666666667,NA
2017-03-24 17:00:00,10465,2712,NA,5763,2901,4156,16304,14413,NA,2567.16666666667,NA
2017-03-24 18:00:00,10465,2712,NA,5762,2901,4155,16294.25,14413,NA,2567.41666666667,NA
2017-03-24 19:00:00,10465.5,2712,NA,5763,2901,4155,16296.5,14413.75,NA,2565.66666666667,NA
2017-03-24 20:00:00,10463,2712,NA,5762.75,2901,4155,16307.25,14414,NA,2565.66666666667,NA
2017-03-24 21:00:00,10463.75,2712,NA,5762,2901,4154.75,16320,14414,NA,2566.66666666667,NA
2017-03-24 22:00:00,10465,2712,NA,5762,2901,4154.5,16330.25,14414,NA,2567.66666666667,NA
2017-03-24 23:00:00,10465,2712,NA,5762,2901,4155,16340.75,14414,NA,2567.66666666667,NA
2017-03-25 00:00:00,10465,2712,NA,5762,2901,4155,16348.5,14414,NA,2567.66666666667,NA
2017-03-25 01:00:00,10465,2712,NA,5759,2901,4155,16355,14414,NA,2567.66666666667,NA
2017-03-25 02:00:00,10465,2712,NA,5758,2901,4155,16362,14414.5,NA,2567.66666666667,NA
2017-03-25 03:00:00,10465,2712,NA,5758,2901,4155.5,16368.75,14415.25,NA,2567.66666666667,NA
2017-03-25 04:00:00,10465,2712,NA,5758,2901,4157,16373.25,14417.75,NA,2567.66666666667,NA
2017-03-25 05:00:00,10465,2712,NA,5758,2901,4157,16376.5,14418,NA,2567.66666666667,NA
2017-03-25 06:00:00,10465,2712,NA,5758,2901,4157.75,16381.25,14418,NA,2567.66666666667,NA
2017-03-25 07:00:00,10465,2712,NA,5758,2901,4159,16383,14418,NA,2567.66666666667,NA
2017-03-25 08:00:00,10464.5,2712,NA,5758,2901,4159,16382.75,14418,NA,2567.16666666667,NA
2017-03-25 09:00:00,10463.75,2712,NA,5758,2901,4159,16375.25,14418,NA,2566.41666666667,NA
2017-03-25 10:00:00,10463.25,2712,NA,5757.25,2901,4159,16362.5,14417,NA,2565.66666666667,NA
2017-03-25 11:00:00,10465.5,2712,NA,5755,2900.75,4157.75,16340.25,14416.5,NA,2567.66666666667,NA
2017-03-25 12:00:00,10465,2712,NA,5755,2900,4154,16318.25,14416,NA,2567.66666666667,NA
2017-03-25 13:00:00,10464.25,2712,NA,5755,2900,4148.5,16297,14416,NA,2566.66666666667,NA
2017-03-25 14:00:00,10464,2712,NA,5755,2900,4142.25,16277,14416,NA,2566.91666666667,NA
2017-03-25 15:00:00,10464,2712,NA,5755,2900,4136.75,16257.75,14416,NA,2567.91666666667,NA
2017-03-25 16:00:00,10464,2712,NA,5755,2900,4131.75,16241.25,14416,NA,2566.66666666667,NA
2017-03-25 17:00:00,10464,2712,NA,5750.25,2899,4128.25,16226.25,14416,NA,2566.66666666667,NA
2017-03-25 18:00:00,10464.5,2711.25,NA,5750,2899,4127.25,16221.5,14416,NA,2567.16666666667,NA
2017-03-25 19:00:00,10462.75,2711,NA,5750,2899,4128,16228,14416,NA,2565.16666666667,NA
2017-03-25 20:00:00,10463,2710.75,NA,5750,2898.75,4128,16244.75,14415.5,NA,2565.66666666667,NA
2017-03-25 21:00:00,10463,2710,NA,5750,2898,4128,16259.75,14416.25,NA,2565.66666666667,NA
2017-03-25 22:00:00,10463,2710,NA,5750,2898,4128,16275.75,14416,NA,2565.66666666667,NA
2017-03-25 23:00:00,10462.25,2709.5,NA,5750,2898,4128,16290,14416,NA,2565.66666666667,NA
2017-03-26 00:00:00,10461,2709.5,NA,5750,2898,4128,16304.75,14415,NA,2565.41666666667,NA
2017-03-26 01:00:00,10460,2709,NA,5750,2898,4131.75,16413.25,14415.5,NA,2566.66666666667,NA
2017-03-26 02:00:00,10457.5,2710,NA,5750,2898,4142,16458.25,14416,NA,2564.66666666667,NA
2017-03-26 03:00:00,10455.75,2711.5,NA,5750.25,2898,4152,16484.75,14413.25,NA,2564.16666666667,NA
2017-03-26 04:00:00,10455.75,2712,NA,5751,2898,4159.25,16502.25,14410.75,NA,2565.16666666667,NA
2017-03-26 05:00:00,10453.75,2712.75,NA,5751,2898,4164,16517.25,14405.25,NA,2565.66666666667,NA
2017-03-26 06:00:00,10453.25,2713,NA,5757.75,2898,4168,16534,14398.5,NA,2565.66666666667,NA
2017-03-26 07:00:00,10454,2713.75,NA,5759,2898,4172.5,16550,14395,NA,2565.66666666667,NA
2017-03-26 08:00:00,10452.5,2714,NA,5759,2898,4175.25,16561,14392.25,NA,2565.66666666667,NA
2017-03-26 09:00:00,10448.75,2715,NA,5759,2898,4176.5,16570,14392.5,NA,2568.41666666667,NA
2017-03-26 10:00:00,10445.5,2715,NA,5759,2898,4178,16580,14394.75,NA,2568.91666666667,NA
2017-03-26 11:00:00,10446.75,2716.25,NA,5759,2898.5,4178,16586.25,14394,NA,2569.91666666667,NA
2017-03-26 12:00:00,10447.5,2717,NA,5759,2899,4178,16589,14395.75,NA,2571.91666666667,NA
2017-03-26 13:00:00,10448.5,2717.25,NA,5759,2898,4178,16589.25,14396,NA,2573.91666666667,NA
2017-03-26 14:00:00,10445.75,2718,NA,5759,2898,4178,16589,14396,NA,2573.66666666667,NA
2017-03-26 15:00:00,10445.25,2718,NA,5759,2898,4178,16582.5,14396,NA,2574.66666666667,NA
2017-03-26 16:00:00,10445.75,2719,NA,5770,2898,4178,16576,14394.25,NA,2577.16666666667,NA
2017-03-26 17:00:00,10447.75,2719,NA,5771,2898,4178,16571,14393,NA,2577.66666666667,NA
2017-03-26 18:00:00,10449,2719,NA,5771,2898,4178,16571,14393,NA,2577.66666666667,NA
2017-03-26 19:00:00,10452.5,2719,NA,5770.5,2898.75,4178,16571.25,14394,NA,2578.41666666667,NA
2017-03-26 20:00:00,10455.25,2719,NA,5770,2898.5,4178,16567.25,14394,NA,2577.41666666667,NA
2017-03-26 21:00:00,10456.25,2719,NA,5770,2898,4178,16564.25,14394,NA,2576.66666666667,NA
2017-03-26 22:00:00,10458.5,2719,NA,5770,2898,4178.5,16563,14396.25,NA,2576.66666666667,NA
2017-03-26 23:00:00,10460.75,2719,NA,5770.5,2898,4179,16560.25,14398,NA,2577.16666666667,NA
2017-03-27 00:00:00,10462.5,2719,NA,5771,2898,4179,16560,14400.25,NA,2577.91666666667,NA
2017-03-27 01:00:00,10465.25,2719,NA,5771,2898,4179,16560,14401.25,NA,2578.66666666667,NA
2017-03-27 02:00:00,10467.5,2719,NA,5771,2898,4180.5,16560,14404,NA,2578.66666666667,NA
2017-03-27 03:00:00,10468.75,2719,NA,5771,2898,4181.25,16560,14406.5,NA,2578.66666666667,NA
2017-03-27 04:00:00,10470.75,2719,NA,5771,2898,4182,16560,14407,NA,2578.66666666667,NA
2017-03-27 05:00:00,10472.5,2719,NA,5771,2898,4182.25,16560,14407,NA,2578.66666666667,NA
2017-03-27 06:00:00,10473.25,2719,NA,5771,2898,4183,16560,14407,NA,2578.66666666667,NA
2017-03-27 07:00:00,10473.75,2719,NA,5771,2898,4185.25,16560,14408,NA,2578.66666666667,NA
2017-03-27 08:00:00,10474.5,2719,NA,5771,2898,4186,16560,14410,NA,2578.66666666667,NA
2017-03-27 09:00:00,10476.25,2719,NA,5771,2898.5,4186,16558.25,14410.5,NA,2578.66666666667,NA
2017-03-27 10:00:00,10478.5,2719,NA,5771,2899,4185,16551,14412.75,NA,2577.91666666667,NA
2017-03-27 11:00:00,10482,2719.75,NA,5770,2899,4185.5,16539,14410.25,NA,2576.66666666667,NA
2017-03-27 12:00:00,10486.25,2719.25,NA,5771,2898.5,4186,16517.25,14408.5,NA,2577.66666666667,NA
2017-03-27 13:00:00,10500.5,2720,NA,5770.75,2899,4185.5,16488.5,14408,NA,2576.91666666667,NA
2017-03-27 14:00:00,10502.75,2719.25,NA,5770.25,2899,4181.5,16457.25,14407.5,NA,2578.16666666667,NA
2017-03-27 15:00:00,10503,2719,NA,5771,2898.5,4176,16422.25,14406.75,NA,2578.16666666667,NA
2017-03-27 16:00:00,10502.75,2720,NA,5771,2898,4171.5,16386.25,14403.25,NA,2577.66666666667,NA
2017-03-27 17:00:00,10502.5,2719.75,NA,5771,2898,4167.25,16357.25,14403,NA,2577.66666666667,NA
2017-03-27 18:00:00,10503,2719,NA,5771,2898.5,4162.25,16340.25,14404,NA,2577.66666666667,NA
2017-03-27 19:00:00,10501.5,2718.5,NA,5770.5,2898.25,4161.25,16339.25,14403.25,NA,2578.41666666667,NA
2017-03-27 20:00:00,10501.5,2717.75,NA,5770.75,2898,4161,16348,14402,NA,2577.91666666667,NA
2017-03-27 21:00:00,10501.5,2717,NA,5770,2898.5,4161.5,16361.75,14402.5,NA,2577.66666666667,NA
2017-03-27 22:00:00,10499.75,2717,NA,5770,2899,4162,16372.75,14403,NA,2578.41666666667,NA
2017-03-27 23:00:00,10501,2717,NA,5770,2899,4162,16382.75,14403.5,NA,2579.66666666667,NA
2017-03-28 00:00:00,10501,2717,NA,5770,2899,4162,16393.5,14406,NA,2579.41666666667,NA
2017-03-28 01:00:00,10501,2716.75,NA,5770,2899,4162,16401.5,14406.75,NA,2577.41666666667,NA
2017-03-28 02:00:00,10501,2716.5,NA,5770,2899,4162,16409,14407,NA,2576.66666666667,NA
2017-03-28 03:00:00,10501,2716,NA,5770,2898,4162,16417.25,14407,NA,2576.66666666667,NA
2017-03-28 04:00:00,10501.25,2716,NA,5770,2898,4162.5,16422.5,14407,NA,2577.66666666667,NA
2017-03-28 05:00:00,10502,2716,NA,5770,2898,4163.5,16427.5,14409,NA,2577.66666666667,NA
2017-03-28 06:00:00,10500,2716,NA,5770,2898,4164,16434,14410,NA,2577.66666666667,NA
2017-03-28 07:00:00,10500,2716,NA,5770,2898,4165,16439.5,14412.5,NA,2578.41666666667,NA
2017-03-28 08:00:00,10500,2716,NA,5770,2898,4165,16442.75,14413,NA,2577.66666666667,NA
2017-03-28 09:00:00,10501,2716,NA,5770,2898.5,4165,16444.75,14413,NA,2577.66666666667,NA
2017-03-28 10:00:00,10501,2716,NA,5770,2899,4165,16443.75,14412.5,NA,2576.91666666667,NA
2017-03-28 11:00:00,10501,2716,NA,5770,2898.75,4165.25,16439.25,14412,NA,2578.91666666667,NA
2017-03-28 12:00:00,10502,2716,NA,5770,2898,4165,16426.25,14411,NA,2577.66666666667,NA
2017-03-28 13:00:00,10501.25,2716,NA,5770,2899,4165,16409.5,14410.75,NA,2578.41666666667,NA
2017-03-28 14:00:00,10502.75,2716,NA,5770,2899,4164.75,16389,14410,NA,2578.41666666667,NA
2017-03-28 15:00:00,10502.25,2716,NA,5770.75,2898,4161,16361.5,14409.5,NA,2577.16666666667,NA
2017-03-28 16:00:00,10502,2716,NA,5771,2898,4155.5,16332,14409,NA,2576.66666666667,NA
2017-03-28 17:00:00,10502,2716,NA,5771,2898,4150.25,16306.75,14408.75,NA,2576.66666666667,NA
2017-03-28 18:00:00,10502,2716,NA,5770.25,2898,4146.25,16293.5,14406.25,NA,2576.66666666667,NA
2017-03-28 19:00:00,10500.5,2715,NA,5770,2898.25,4146,16296.25,14407,NA,2577.66666666667,NA
2017-03-28 20:00:00,10500,2714.5,NA,5770,2898,4145.25,16309.5,14408,NA,2578.66666666667,NA
2017-03-28 21:00:00,10500.75,2714,NA,5770,2898,4146,16321.5,14408,NA,2578.66666666667,NA
2017-03-28 22:00:00,10499.25,2714,NA,5770,2898,4146,16329.75,14408,NA,2577.66666666667,NA
2017-03-28 23:00:00,10499,2713,NA,5770,2898.5,4146,16342.5,14408.75,NA,2577.66666666667,NA
2017-03-29 00:00:00,10500,2713.75,NA,5770,2899,4146,16352.5,14409,NA,2578.66666666667,NA
2017-03-29 01:00:00,10501,2714,NA,5770,2898.25,4146,16362.25,14409,NA,2579.66666666667,NA
2017-03-29 02:00:00,10501,2714,NA,5770,2898,4146.25,16370.75,14409.25,NA,2579.16666666667,NA
2017-03-29 03:00:00,10501,2713.75,NA,5770,2898,4147.75,16379.5,14410,NA,2576.91666666667,NA
2017-03-29 04:00:00,10501,2713,NA,5770,2898,4148.25,16388.5,14410,NA,2576.66666666667,NA
2017-03-29 05:00:00,10501,2713,NA,5770,2898,4149,16396,14410,NA,2576.66666666667,NA
2017-03-29 06:00:00,10500.25,2713,NA,5770,2898,4150.25,16403.75,14410.75,NA,2576.91666666667,NA
2017-03-29 07:00:00,10500.5,2713,NA,5770,2898,4151.75,16409.5,14412.5,NA,2577.66666666667,NA
2017-03-29 08:00:00,10501,2713,NA,5770,2898,4152,16413,14413,NA,2577.41666666667,NA
2017-03-29 09:00:00,10501,2713,NA,5770,2898.25,4152,16413,14413,NA,2576.66666666667,NA
2017-03-29 10:00:00,10501,2713.5,NA,5770,2899,4152,16412,14412,NA,2578.16666666667,NA
2017-03-29 11:00:00,10499.5,2713.5,NA,5770,2898.25,4152,16407.25,14411.5,NA,2578.41666666667,NA
2017-03-29 12:00:00,10501.25,2713,NA,5770,2898,4152,16393.5,14411,NA,2577.41666666667,NA
2017-03-29 13:00:00,10500.25,2713,NA,5770,2899,4152,16372.25,14410.25,NA,2578.66666666667,NA
2017-03-29 14:00:00,10501,2713,NA,5770,2898,4151,16348,14409.5,NA,2577.41666666667,NA
2017-03-29 15:00:00,10502,2713,NA,5770,2898,4148,16321.5,14409.25,NA,2576.66666666667,NA
2017-03-29 16:00:00,10501.75,2713,NA,5770,2898,4144,16295,14409,NA,2576.16666666667,NA
2017-03-29 17:00:00,10501,2713,NA,5770,2898,4139.5,16269.75,14409,NA,2575.16666666667,NA
2017-03-29 18:00:00,10500.5,2713,NA,5770,2898,4135.25,16257,14409,NA,2575.66666666667,NA
2017-03-29 19:00:00,10499.5,2713,NA,5769.5,2898,4135,16258.75,14409.75,NA,2576.91666666667,NA
2017-03-29 20:00:00,10500,2712.25,NA,5765,2898,4135.5,16271.25,14409.5,NA,2575.16666666667,NA
2017-03-29 21:00:00,10498.25,2712,NA,5765,2898,4136,16288,14408,NA,2575.91666666667,NA
2017-03-29 22:00:00,10499,2712,NA,5764,2898,4136,16300.5,14408,NA,2577.41666666667,NA
2017-03-29 23:00:00,10499,2712,NA,5764,2898,4136,16312.5,14408.5,NA,2574.16666666667,NA
2017-03-30 00:00:00,10499,2711.5,NA,5764,2898,4136,16326,14409,NA,2573.91666666667,NA
2017-03-30 01:00:00,10499.75,2712,NA,5764,2898,4136,16336.25,14409,NA,2575.16666666667,NA
2017-03-30 02:00:00,10500.75,2712,NA,5765,2898,4137.25,16345.25,14409,NA,2576.66666666667,NA
2017-03-30 03:00:00,10501,2712,NA,5765,2898,4138.5,16354.75,14410.25,NA,2576.66666666667,NA
2017-03-30 04:00:00,10501,2712,NA,5765,2898,4140,16364,14412,NA,2576.66666666667,NA
2017-03-30 05:00:00,10500,2712,NA,5765,2898,4141.75,16373,14413,NA,2576.66666666667,NA
2017-03-30 06:00:00,10498.75,2712,NA,5764.25,2898,4143.75,16378.75,14413,NA,2576.66666666667,NA
2017-03-30 07:00:00,10498.75,2712,NA,5764,2898,4145,16384.5,14413,NA,2576.66666666667,NA
2017-03-30 08:00:00,10499,2712,NA,5764.25,2898,4145,16387,14413,NA,2576.66666666667,NA
2017-03-30 09:00:00,10500.75,2712,NA,5765,2898,4145,16387.5,14412.5,NA,2576.66666666667,NA
2017-03-30 10:00:00,10500.25,2712,NA,5764.5,2898.5,4146,16385,14412,NA,2575.91666666667,NA
2017-03-30 11:00:00,10499.25,2711.75,NA,5764,2898,4146,16378.5,14411.25,NA,2574.41666666667,NA
2017-03-30 12:00:00,10500.5,2712,NA,5764,2898,4145,16361,14412.75,NA,2575.41666666667,NA
2017-03-30 13:00:00,10500,2712,NA,5764.5,2898,4145,16339.25,14413,NA,2575.16666666667,NA
2017-03-30 14:00:00,10500.5,2712,NA,5764.5,2898,4142.5,16314.25,14412.5,NA,2576.41666666667,NA
2017-03-30 15:00:00,10500.75,2712,NA,5765,2898,4136,16287,14412,NA,2574.91666666667,NA
2017-03-30 16:00:00,10500,2712,NA,5765,2898,4129.75,16255.75,14412,NA,2573.91666666667,NA
2017-03-30 17:00:00,10499.75,2712,NA,5765,2898,4125.25,16231.5,14411,NA,2573.66666666667,NA
2017-03-30 18:00:00,10499.25,2711.5,NA,5765,2897,4122.25,16221.25,14409,NA,2573.91666666667,NA
2017-03-30 19:00:00,10499.5,2711,NA,5760.25,2897,4122.5,16224.75,14409.5,NA,2572.91666666667,NA
2017-03-30 20:00:00,10499,2710.25,NA,5759,2897,4123,16241.25,14410.75,NA,2571.66666666667,NA
2017-03-30 21:00:00,10498,2710,NA,5759,2897,4123,16259,14411,NA,2571.91666666667,NA
2017-03-30 22:00:00,10498,2710,NA,5758.75,2897,4123,16274.75,14411,NA,2572.66666666667,NA
2017-03-30 23:00:00,10498.75,2710,NA,5757.5,2897,4123,16288.5,14411,NA,2573.66666666667,NA
2017-03-31 00:00:00,10499,2710,NA,5755,2897,4124,16300.5,14411,NA,2573.66666666667,NA
2017-03-31 01:00:00,10499,2710,NA,5755,2897,4125.5,16310.25,14411,NA,2573.66666666667,NA
2017-03-31 02:00:00,10499,2710,NA,5755,2897,4126.75,16321.5,14411.75,NA,2573.41666666667,NA
2017-03-31 03:00:00,10499,2710,NA,5755,2897,4128.25,16332.75,14412.25,NA,2571.41666666667,NA
2017-03-31 04:00:00,10499,2710,NA,5755,2897,4130.25,16340.5,14415.25,NA,2570.66666666667,NA
2017-03-31 05:00:00,10499,2710,NA,5755,2897,4132.25,16347.75,14418,NA,2570.91666666667,NA
2017-03-31 06:00:00,10499.5,2710,NA,5755,2897,4134,16353.5,14418.25,NA,2571.66666666667,NA
2017-03-31 07:00:00,10500,2710,NA,5755,2897,4135,16358,14422,NA,2571.91666666667,NA
2017-03-31 08:00:00,10499.25,2710,NA,5755,2897.25,4135,16359,14421.75,NA,2571.16666666667,NA
2017-03-31 09:00:00,10499,2710,NA,5754.75,2897,4135,16357,14421,NA,2572.91666666667,NA
2017-03-31 10:00:00,10499.25,2710,NA,5754.75,2897,4134.5,16349.25,14420,NA,2571.91666666667,NA
2017-03-31 11:00:00,10499.25,2710,NA,5755,2897,4134,16327,14420.25,NA,2570.16666666667,NA
2017-03-31 12:00:00,10499.75,2710,NA,5755,2897,4134,16301.25,14421,NA,2571.16666666667,NA
2017-03-31 13:00:00,10499.75,2710,NA,5755,2897,4129.5,16277.25,14419,NA,2570.66666666667,NA
2017-03-31 14:00:00,10500,2710,NA,5755,2896.75,4122.5,16252.5,14418,NA,2570.66666666667,NA
2017-03-31 15:00:00,10500,2710,NA,5753,2896,4115.75,16229.25,14418,NA,2570.66666666667,NA
2017-03-31 16:00:00,10499.5,2709.75,NA,5750,2894.75,4108.75,16211.75,14418,NA,2569.16666666667,NA
2017-03-31 17:00:00,10499.25,2709,NA,5750,2894,4107.25,16202.5,14417.75,NA,2567.41666666667,NA
2017-03-31 18:00:00,10497.5,2709,NA,5750,2894,4107,16205.75,14416,NA,2564.91666666667,NA
2017-03-31 19:00:00,10499,2708,NA,5750,2893,4107,16219.5,14416,NA,2565.41666666667,NA
2017-03-31 20:00:00,10499.5,2708,NA,5745.5,2893,4107,16235.5,14416.5,NA,2564.41666666667,NA
2017-03-31 21:00:00,10497.5,2708,NA,5745,2893,4107,16252.5,14418,NA,2565.16666666667,NA
2017-03-31 22:00:00,10498,2708,NA,5745,2893,4107.25,16269.25,14420.25,NA,2565.66666666667,NA
2017-03-31 23:00:00,10498,2708,NA,5745,2893,4109,16281,14424,NA,2565.66666666667,NA
